{
    "Ar36": {
        "error": 0.00086328847608895898, 
        "fit": "parabolic", 
        "value": 0.0011776699272224357
    }, 
    "Ar37": {
        "error": 0.13720749646680508, 
        "fit": "linear", 
        "value": -0.041032660103384251
    }, 
    "Ar38": {
        "error": 0.12237274621012328, 
        "fit": "linear", 
        "value": -0.1412771185008122
    }, 
    "Ar39": {
        "error": 0.058387200737929384, 
        "fit": "parabolic", 
        "value": -0.029604834348625472
    }, 
    "Ar40": {
        "error": 0.12821379726219945, 
        "fit": "parabolic", 
        "value": 0.15294271147121558
    }, 
    "Ar41": {
        "error": 0.14360236015510833, 
        "fit": "average_SEM", 
        "value": -0.29026135818101467
    }
}