{
    "Ar36": {
        "error": 0.00048827346960384269, 
        "fit": "parabolic", 
        "value": 0.017870184365635269
    }, 
    "Ar37": {
        "error": 0.018160364088147127, 
        "fit": "linear", 
        "value": 0.24584386253423901
    }, 
    "Ar38": {
        "error": 0.026921906834018263, 
        "fit": "linear", 
        "value": 0.35933469830378995
    }, 
    "Ar39": {
        "error": 0.036792943804929895, 
        "fit": "parabolic", 
        "value": 44.259126083632239
    }, 
    "Ar40": {
        "error": 0.15909942337661021, 
        "fit": "parabolic", 
        "value": 2874.6348885200018
    }, 
    "Ar41": {
        "error": 0.007705890703777603, 
        "fit": "average", 
        "value": -0.0076823398030828683
    }
}