{
    "Ar36": {
        "error": 0.00032899747578960274, 
        "fit": "parabolic", 
        "value": 0.0062744094004222933
    }, 
    "Ar37": {
        "error": 0.018508527670985157, 
        "fit": "linear", 
        "value": 0.16687423946114574
    }, 
    "Ar38": {
        "error": 0.025041327005728767, 
        "fit": "linear", 
        "value": 0.12989966543605774
    }, 
    "Ar39": {
        "error": 0.034856590144646447, 
        "fit": "parabolic", 
        "value": 25.966166406362166
    }, 
    "Ar40": {
        "error": 0.12166013158003462, 
        "fit": "parabolic", 
        "value": 1684.4235619854819
    }, 
    "Ar41": {
        "error": 0.0078038769064071077, 
        "fit": "average", 
        "value": -0.037173852470703421
    }
}