{
    "Ar36": {
        "error": 0.00027219095176884576, 
        "fit": "parabolic", 
        "value": 0.0077737563909614522
    }, 
    "Ar37": {
        "error": 0.012236243812120396, 
        "fit": "linear", 
        "value": 0.20158181988397494
    }, 
    "Ar38": {
        "error": 0.0195535973886958, 
        "fit": "linear", 
        "value": 0.23487709146093944
    }, 
    "Ar39": {
        "error": 0.022057108182165618, 
        "fit": "parabolic", 
        "value": 34.408338042064365
    }, 
    "Ar40": {
        "error": 0.089507892642366679, 
        "fit": "parabolic", 
        "value": 2231.0747941265054
    }, 
    "Ar41": {
        "error": 0.0049681099929909725, 
        "fit": "average", 
        "value": -0.0302248065652388
    }
}