{
    "Ar36": {
        "error": 0.00052539591846384004, 
        "fit": "parabolic", 
        "value": 0.063746967305063879
    }, 
    "Ar37": {
        "error": 0.013037984471203207, 
        "fit": "linear", 
        "value": 0.38116116632035163
    }, 
    "Ar38": {
        "error": 0.019126662264294141, 
        "fit": "linear", 
        "value": 0.54588030900959728
    }, 
    "Ar39": {
        "error": 0.025000038330364096, 
        "fit": "parabolic", 
        "value": 60.753677830439699
    }, 
    "Ar40": {
        "error": 0.13613940776415234, 
        "fit": "parabolic", 
        "value": 3954.640397819423
    }, 
    "Ar41": {
        "error": 0.0051225906423004904, 
        "fit": "average", 
        "value": -0.0077552014955567733
    }
}