{
    "Ar36": {
        "error": 0.00027105478526753439, 
        "fit": "parabolic", 
        "value": 0.013752952691842879
    }, 
    "Ar37": {
        "error": 0.012614455840041854, 
        "fit": "linear", 
        "value": -0.086437720343693278
    }, 
    "Ar38": {
        "error": 0.014192644562395683, 
        "fit": "linear", 
        "value": 0.11393674496668096
    }, 
    "Ar39": {
        "error": 0.011339962185342814, 
        "fit": "parabolic", 
        "value": 23.406131810740618
    }, 
    "Ar40": {
        "error": 0.076648043043122449, 
        "fit": "parabolic", 
        "value": 1520.7237896595996
    }, 
    "Ar41": {
        "error": 0.0052918262992692859, 
        "fit": "average", 
        "value": -0.0030197412476639499
    }
}