{
    "Ar36": {
        "error": 0.00025357551433565341, 
        "fit": "parabolic", 
        "value": 0.010161956115200139
    }, 
    "Ar37": {
        "error": 0.012726534617654047, 
        "fit": "linear", 
        "value": -0.058259384223287525
    }, 
    "Ar38": {
        "error": 0.0152151697357463, 
        "fit": "linear", 
        "value": 0.15202392745971682
    }, 
    "Ar39": {
        "error": 0.01156449940410729, 
        "fit": "parabolic", 
        "value": 25.749108878192093
    }, 
    "Ar40": {
        "error": 0.084734051989598977, 
        "fit": "parabolic", 
        "value": 1667.4814863575448
    }, 
    "Ar41": {
        "error": 0.004974480049222383, 
        "fit": "average", 
        "value": -0.0085234914228997441
    }
}