{
    "Ar36": {
        "error": 0.00047979464092531512, 
        "fit": "parabolic", 
        "value": 0.019584180360631729
    }, 
    "Ar37": {
        "error": 0.017385933985811328, 
        "fit": "linear", 
        "value": 0.21894734072513972
    }, 
    "Ar38": {
        "error": 0.031601923130286293, 
        "fit": "linear", 
        "value": 0.23135805299909346
    }, 
    "Ar39": {
        "error": 0.035606100121453474, 
        "fit": "parabolic", 
        "value": 33.340864824956228
    }, 
    "Ar40": {
        "error": 0.13586273456671308, 
        "fit": "parabolic", 
        "value": 2164.1585241778876
    }, 
    "Ar41": {
        "error": 0.0083935170864866404, 
        "fit": "average", 
        "value": -0.046766744853346608
    }
}