{
    "Ar36": {
        "error": 0.00031076937697633591, 
        "fit": "parabolic", 
        "value": 0.0078713162646920319
    }, 
    "Ar37": {
        "error": 0.018528153760905806, 
        "fit": "linear", 
        "value": 0.18684260685399601
    }, 
    "Ar38": {
        "error": 0.021032896058731713, 
        "fit": "linear", 
        "value": 0.077386874467235925
    }, 
    "Ar39": {
        "error": 0.035334996618701521, 
        "fit": "parabolic", 
        "value": 19.498377362473462
    }, 
    "Ar40": {
        "error": 0.099345048745614215, 
        "fit": "parabolic", 
        "value": 1266.7074394032675
    }, 
    "Ar41": {
        "error": 0.0079988974580051022, 
        "fit": "average", 
        "value": 0.21971263675065711
    }
}