{
    "Ar36": {
        "error": 0.0003422369217609094, 
        "fit": "parabolic", 
        "value": 0.0053431916158613929
    }, 
    "Ar37": {
        "error": 0.019707356645755441, 
        "fit": "linear", 
        "value": 0.18842643248648802
    }, 
    "Ar38": {
        "error": 0.02259926573024747, 
        "fit": "linear", 
        "value": 0.12730204345194468
    }, 
    "Ar39": {
        "error": 0.032319814940667456, 
        "fit": "parabolic", 
        "value": 24.520954808493808
    }, 
    "Ar40": {
        "error": 0.10961315608170785, 
        "fit": "parabolic", 
        "value": 1595.6346172705535
    }, 
    "Ar41": {
        "error": 0.0079777703120482626, 
        "fit": "average", 
        "value": 0.23332725379243494
    }
}