{
    "Ar36": {
        "error": 0.0003355327474780213, 
        "fit": "parabolic", 
        "value": 0.008141724972738372
    }, 
    "Ar37": {
        "error": 0.018504326243033112, 
        "fit": "linear", 
        "value": 0.20729735766713614
    }, 
    "Ar38": {
        "error": 0.024676318084928105, 
        "fit": "linear", 
        "value": 0.11988184816600975
    }, 
    "Ar39": {
        "error": 0.032935410509496596, 
        "fit": "parabolic", 
        "value": 24.136605679035608
    }, 
    "Ar40": {
        "error": 0.12510212500960843, 
        "fit": "parabolic", 
        "value": 1566.8757725399091
    }, 
    "Ar41": {
        "error": 0.008541821953690007, 
        "fit": "average", 
        "value": -0.027584164553161827
    }
}