{
    "Ar36": {
        "error": 0.00039917601970590146, 
        "fit": "parabolic", 
        "value": 0.025541027096263907
    }, 
    "Ar37": {
        "error": 0.015031189451948611, 
        "fit": "linear", 
        "value": 0.042691871944370047
    }, 
    "Ar38": {
        "error": 0.025580884169473524, 
        "fit": "linear", 
        "value": 0.38486650479423506
    }, 
    "Ar39": {
        "error": 0.013951966256285564, 
        "fit": "parabolic", 
        "value": 43.575913309100606
    }, 
    "Ar40": {
        "error": 0.12649647634402378, 
        "fit": "parabolic", 
        "value": 2820.9879888887444
    }, 
    "Ar41": {
        "error": 0.0064379476890649616, 
        "fit": "average", 
        "value": -0.27647085128992333
    }
}