{
    "Ar36": {
        "error": 0.0010209907155856405, 
        "fit": "parabolic", 
        "value": 0.38677790337017304
    }, 
    "Ar37": {
        "error": 0.011474766855445183, 
        "fit": "linear", 
        "value": 0.012114240788710953
    }, 
    "Ar38": {
        "error": 0.016592569544614681, 
        "fit": "linear", 
        "value": -0.059743618767046196
    }, 
    "Ar39": {
        "error": 0.0079330301942318725, 
        "fit": "parabolic", 
        "value": 0.027246808830665971
    }, 
    "Ar40": {
        "error": 0.025153355665630303, 
        "fit": "parabolic", 
        "value": 117.51212804155675
    }, 
    "Ar41": {
        "error": 0.004985863528449588, 
        "fit": "average", 
        "value": -0.041466624937214265
    }
}