{
    "Ar36": {
        "error": 0.00018616588619481671, 
        "fit": "parabolic", 
        "value": 0.0034497954358367481
    }, 
    "Ar37": {
        "error": 0.015205143406947235, 
        "fit": "linear", 
        "value": 0.10841433191567895
    }, 
    "Ar38": {
        "error": 0.014817013071878752, 
        "fit": "linear", 
        "value": -0.17437658351424584
    }, 
    "Ar39": {
        "error": 0.018768179849188847, 
        "fit": "parabolic", 
        "value": -0.043737532246316962
    }, 
    "Ar40": {
        "error": 0.023986005756925662, 
        "fit": "parabolic", 
        "value": 0.83114930981322377
    }, 
    "Ar41": {
        "error": 0.0061128317177953336, 
        "fit": "average", 
        "value": -0.084400915945152519
    }
}